{
  "name": "{{Dataset_Name}}",
  "compatibilityLevel": 1604,
  "model": {
    "name": "{{Dataset_Name}}",
    "culture": "en-US",
    "collation": "Latin1_General_100_BIN2_UTF8",
    "dataAccessOptions": {
      "legacyRedirects": true,
      "returnErrorValuesAsNull": true
    },
    "defaultPowerBIDataSourceVersion": "powerBI_V3",
    "sourceQueryCulture": "en-US",
    "tables": [
      {
        "name": "rest_API_data",
        "sourceLineageTag": "[restAPI].[rest_API_data]",
        "columns": [
          {
            "name": "page",
            "dataType": "int64",
            "sourceColumn": "page",
            "formatString": "0",
            "sourceProviderType": "bigint",
            "sourceLineageTag": "page",
            "summarizeBy": "sum",
            "annotations": [
              {
                "name": "SummarizationSetBy",
                "value": "Automatic"
              }
            ]
          },
          {
            "name": "per_page",
            "dataType": "int64",
            "sourceColumn": "per_page",
            "formatString": "0",
            "sourceProviderType": "bigint",
            "sourceLineageTag": "per_page",
            "summarizeBy": "sum",
            "annotations": [
              {
                "name": "SummarizationSetBy",
                "value": "Automatic"
              }
            ]
          },
          {
            "name": "total",
            "dataType": "int64",
            "sourceColumn": "total",
            "formatString": "0",
            "sourceProviderType": "bigint",
            "sourceLineageTag": "total",
            "summarizeBy": "sum",
            "annotations": [
              {
                "name": "SummarizationSetBy",
                "value": "Automatic"
              }
            ]
          },
          {
            "name": "total_pages",
            "dataType": "int64",
            "sourceColumn": "total_pages",
            "formatString": "0",
            "sourceProviderType": "bigint",
            "sourceLineageTag": "total_pages",
            "summarizeBy": "sum",
            "annotations": [
              {
                "name": "SummarizationSetBy",
                "value": "Automatic"
              }
            ]
          },
          {
            "name": "data.id",
            "dataType": "int64",
            "sourceColumn": "data.id",
            "formatString": "0",
            "sourceProviderType": "bigint",
            "sourceLineageTag": "data.id",
            "summarizeBy": "sum",
            "annotations": [
              {
                "name": "SummarizationSetBy",
                "value": "Automatic"
              }
            ]
          },
          {
            "name": "data.email",
            "dataType": "string",
            "sourceColumn": "data.email",
            "sourceProviderType": "varchar",
            "sourceLineageTag": "data.email",
            "summarizeBy": "none",
            "annotations": [
              {
                "name": "SummarizationSetBy",
                "value": "Automatic"
              }
            ]
          },
          {
            "name": "data.first_name",
            "dataType": "string",
            "sourceColumn": "data.first_name",
            "sourceProviderType": "varchar",
            "sourceLineageTag": "data.first_name",
            "summarizeBy": "none",
            "annotations": [
              {
                "name": "SummarizationSetBy",
                "value": "Automatic"
              }
            ]
          },
          {
            "name": "data.last_name",
            "dataType": "string",
            "sourceColumn": "data.last_name",
            "sourceProviderType": "varchar",
            "sourceLineageTag": "data.last_name",
            "summarizeBy": "none",
            "annotations": [
              {
                "name": "SummarizationSetBy",
                "value": "Automatic"
              }
            ]
          },
          {
            "name": "data.avatar",
            "dataType": "string",
            "sourceColumn": "data.avatar",
            "sourceProviderType": "varchar",
            "sourceLineageTag": "data.avatar",
            "summarizeBy": "none",
            "annotations": [
              {
                "name": "SummarizationSetBy",
                "value": "Automatic"
              }
            ]
          },
          {
            "name": "support.url",
            "dataType": "string",
            "sourceColumn": "support.url",
            "sourceProviderType": "varchar",
            "sourceLineageTag": "support.url",
            "summarizeBy": "none",
            "annotations": [
              {
                "name": "SummarizationSetBy",
                "value": "Automatic"
              }
            ]
          },
          {
            "name": "support.text",
            "dataType": "string",
            "sourceColumn": "support.text",
            "sourceProviderType": "varchar",
            "sourceLineageTag": "support.text",
            "summarizeBy": "none",
            "annotations": [
              {
                "name": "SummarizationSetBy",
                "value": "Automatic"
              }
            ]
          }
        ],
        "partitions": [
          {
            "name": "{{Dataset_Name}}",
            "mode": "directLake",
            "source": {
              "type": "entity",
              "entityName": "rest_API_data",
              "expressionSource": "DatabaseQuery",
              "schemaName": "restAPI"
            }
          }
        ],
        "annotations": [
          {
            "name": "IsTableInBiModel",
            "value": "False"
          }
        ]
      }
    ],
    "expressions": [
      {
        "name": "DatabaseQuery",
        "kind": "m",
        "expression": "let\n    database = {{TDS_Endpoint}}\nin\n    database\n"
      }
    ],
    "annotations": [
      {
        "name": "__PBI_TimeIntelligenceEnabled",
        "value": "0"
      },
      {
        "name": "PBI_QueryOrder",
        "value": "[\"exec_requests_history\",\"long_running_queries\",\"frequently_run_queries\",\"exec_sessions_history\",\"rest_API_data\"]"
      },
      {
        "name": "SourceLineageTagType",
        "value": "DatabaseFullyQualifiedName"
      }
    ]
  }
}